{"cameraMode":{"drawMode":0,"name":"Shaded","section":"Shading Mode"},"sceneLighting":true,"audioPlay":false,"sceneViewState":{"showFog":true,"showMaterialUpdate":false,"showSkybox":true,"showFlares":true,"showImageEffects":true,"showParticleSystems":true},"in2DMode":false,"pivot":{"x":-0.185331329703331,"y":2.52718186378479,"z":-0.10773466527462006},"rotation":{"x":-0.24033118784427644,"y":0.002326442627236247,"z":-0.0005643672775477171,"w":-0.9707215428352356},"size":1.6794915199279786,"orthographic":false}